Productnaam;EAN
geurkaars oudh bergamot h9 d8;8716522094688
geurkaars white jasmine h9 d8;8716522094657
geurkaars white jasmine h12 d12;8716522094664
geurkaars oudh bergamot h12 d12;8716522094695
Bellen Goud Aan Touw 4;8716522053128
wijnkoeler hert champagne goud large 42X48X30cm;8716522092028
Wandkop Schaap off white S;8716522110227
Wandkop Schaap off white XL;8716522110241
Linen & More   Keukendoeken   Theedoeken   Dutch Check   Set/3   Blauw/Wit   50x70cm;8717266373091
Linen & More  Keukendoeken  Theedoeken  Dutch Check   Set/3   Rood/Wit   50x70cm;8717266373138
Linen & More - Schort 'Indi' (Grijs);8717266342165
Dutch Check Schort rood 75x90cm;8717266373107
Linen & More - serie Indi - keukenschort - BBQ schort - tuinschort - legergroen - 100% katoen - one size;8717266385209
Opblaasbare outdoor sofa – Zitzak – Turquoise - St. Maxime outdoor (kleur) Sofa - 70 x 90 x 70 cm – lounge stoel – zitzak – zitkussen – beschikbaar in verschillende kleuren;8717266008337
Opblaasbare outdoor sofa – Zitzak - Green - St. Maxime outdoor (kleur) Sofa - 70 x 90 x 70 cm – lounge stoel – zitzak – zitkussen – beschikbaar in verschillende kleuren;8717266008344
Opblaasbare outdoor sofa – Zitzak - Light Grey - St. Maxime outdoor (kleur) Sofa - 70 x 90 x 70 cm – lounge stoel – zitzak – zitkussen – beschikbaar in verschillende kleuren;8717266008375
Opblaasbare outdoor sofa - Dark Grey – St. Maxime outdoor (kleur) Sofa - 70 x 90 x 70 cm  – lounge stoel – zitzak – zitkussen – beschikbaar in verschillende kleuren;8717266008382
Opblaasbare outdoor pouf – Zitzak – Light Grey - St. Maxime outdoor pouf – 55x25 cm – beschikbaar in verschillende kleuren;8717266349065
placemat openhaard hout 30x40cm (4);8716522043631
Placemat zebra's (set van 4);8716522079654
Placemat vlinders (set van 4);8716522074994
Onderzetters - zebra - Mars & More;8716522079661
Onderzetters Oud Hout (Set van 6);8716522068320
Mars & More Koeienhuid onderzetter- Zebra Print;8716522082197
Mars & More Koeienhuid onderzetter luipaard print;8716522082210
deurstopper kat staart roze 18x15x17 cm;8716522090802
Deurstopper Hond zit ruit 21x16x26 cm;8716522090857
deurstopper schaap krulhaar wit 15cm;8716522101140
pannenlap wijn pinot grigio 20x20cm (2);8716522091236
pannenlap wijn chardonnay 20x20cm (2);8716522091243
Daisy Flowers dubbel Ovenwant oranje 18x85cm;8717266051555
Freddie dubbel Ovenwant roze 18x85cm;8717266051739
Freddie Ovenwant roze 18x33cm;8717266051722
Daisy Flowers Ovenwant oranje 18x33cm;8717266051548
Linen & More -  Ovenwant Indi Beige;8717266342325
Linen & More - Ovenwant 'Indi' (Grijs) 2 stuks;8717266342349
Linen & More - Ovenwant 'Indi' (Army Green);8717266385216
Hoyz | Ovenwant Dutch Check | Ovenhandschoen 18 x 33cm | Blauw wit geblokt | 1 stuks;8717266373077
ovenwant wijn pinot grigio 17x33cm (2);8716522091199
ovenwant wijn chardonnay 17x33cm (2);8716522091205
ovenwant wijn prosecco 17x33cm;8716522089868
pannenlap wijn prosecco 20x20cm (2);8716522089875
*pennenbak koehuid luipaard 10cm*;8716522082364
schoenlepel haas 55cm;8716522053517
schoenlepel hertenkop 56cm;8716522062007
keuken etagčre champagne goud rond 2 lagen 38cm*;8716522085266
*beker jungle wit 400cc*;8716522075090
rotan windlicht recht dubbel 14cm;8716522095838
kandelaar gehamerd champagne goud 16,5x10cm;8716522085976
kandelaar gehamerd champagne goud 22x10cm;8716522085983
kandelaar rond mango hout 20cm;8716522082005
Mars & More Waxinelichthouder Blad Zilverkleurig (8 x 7 x 7 cm);8716522078305
Theelichthouder toekan rose medium 10cm*;8716522074925
Waxinelichthouder Veren Groen (12 x 10 cm);8716522074819
Mars & More - Theelichthouder - Waxinelichthouder - Krokodillenprint - Zilver - Croco - Large;8716522078350
Mars & More Waxinelichthouder Abstract Zilverkleurig (8 x 7 x 7 cm);8716522078367
Mars & More Waxinelichthouder Abstract Zilverkleurig (12,5 x 10 x 10 cm);8716522078374
Waxinelichthouder Slang Goudkleurig;8716522076561
Theelichthouder herfst bladeren large 18cm;8716522081619
Waxinelichthouder Panter Zwart (12 x 10 cm);8716522074871
Mars & More Waxinelichthouder - zwart - glas - papegaai print - 10 cm - Windlichtjes/kaarsenhouders;8716522074833
snijplank mango 35cm;8716522078183
Mars&More Fotolijst koe hart zwart/wit 20x20cm leer;8716522082517
Mars&More Fotolijst koe hart zwart/wit 20x20cm leer;8716522082524
fotolijst mango hout boog 15x20cm;8716522100792
Mars & More Windlicht Glas zara bloemen medium 12cm;8716522105995
Theelichthouder hert boom goud medium 12cm;8716522087741
Windlicht silhouette gewei large 18cm;8716522089691
Windlicht silhouette gewei medium 12cm;8716522089684
Windlicht silhouette gewei small 8cm;8716522089677
Theelichthouder hart grijs klein 8cm;8716522084337
Mars&More Led tafellamp slang 20cm 3V;8716522085686
Theelichthouder fleury dahlias medium 12cm;8716522093995
Theelichthouder hart grijs large 18cm;8716522084351
*windlicht koe hart zebra 10cm*;8716522082272
deurmat hout chihuahuas 75x50cm;8716522043990
deurmat humor franse bulldog 75x50cm;8716522067415
kokosmat handgeweven hotel mama 75cm;8716522080452
plaid harbour club grijs 150x200cm;8716522089974
plaid hartjes all over licht grijs 130x180cm;8716522090345
Marmaris Zwart Plaid | 130 X 170 | Plaid Voor Woonkamer Of Slaapkamer;8717266385650
Linen & More - Montreal - Plaid - Gebroken wit - 140x200cm;8714918021768
Linen & More - Montreal - Plaid - Beige - 140x200cm;8714918024394
plaid teddy krul wit 130x180cm;8716522090109
Germaine Kussen rib beige 45x45cm;8717266046605
Germaine Kussen rib beige 30x50cm;8717266046599
Kussen fluweel grijs olifant 45x45cm;8716522082685
kussen wit met jute bies 45x45cm*;8716522084870
Fluwelen Kussen met Panter in de Jungle;8716522069075
Sierkussen - Fluweel Flamboyant Strelitzia - Multicolor - 45 Cm X 45 Cm;8716522078886
Sierkussen Koeienhuid Gekleurd Leder / Bont 45x45x15cm | Mars & More;8716522082401
canvas kussen britse korthaar 50x50cm*;8716522022032
Sierkussen - Linnen Look Garden Vlinders - Multicolor - 45 Cm X 45 Cm;8716522075229
Vintage Flower Forest Groen Kussen | 35 X 50 | Sierkussen Voor Woonkamer Of Slaapkamer;8717266310829
2.Lif Vliegengordijn Malta - Hordeuren - 93x230 cm Zwart;8717266191107
2Lif Vliegengordijn Dominica Beads Grijs 90*210 cm;8717266396984
2LIF Malta Meerkleurig Vliegengordijn deur - 93 x 230 cm;8717266191084
2Lif Vliegengordijn Dominica Beads Zwart 90*210 cm;8717266396977
2Lif kattenstaart Vliegengordijn groen 90x210cm;8717266432767
Sun-arts Vliegengordijn Verspringt Hulzen 232 X 100 Cm Pvc Taupe;8717774820438
Sun-arts Vliegengordijn Verspringt Hulzen 232 X 100 Cm Pvc Zilver;8717774820148
Mars & More Kapstok hanger hoefijzer;8716522021073
half kussen fluweel pom pom taupe 35x45cm;8716522069402
kussen fluweel beige 45x45cm;8716522058147
kussen fluweel charming 2 ara's 45x45cm*;8716522074635
kussen fluweel exotisch toekan 45x45cm;8716522069167
half kussen fluweel winter dennentakken 30x50cm*;8716522079012
gobelin kussen alps exquisite 45x45cm;8716522020038
gobelin kussen alpine lodge 45x45cm;8716522020045
handgemaakt kussen fleury bambi sprookjes 45x45cm;8716522094596
Banner Vence 2 pieces A + B Banner 75x100 cm 2 stuks;8717266095016
Theelichthouder - huizen - rood - groot 18cm - Mars&More - Windlicht- Waxinelicht;8716522106909
Decoratie plakfolie meubelfolie Zebra 45 cm x 2 meter zelfklevend - Decoratiefolie - Plakplastic - Raamfolie;8718483101320
Decoratie plakfolie Vitrodecor cirkels 67.5 cm x 2 meter zelfklevend - Decoratiefolie - Transparant - anti inkijk - raamfolie;8718483110780
Plakfolie- Kleeffolie -  Fluweel Uni groen  45cmx1m;8718483100163
Abbey Statische raamfolie Mini rol transparant 67,5cmx1,5mtr - Glas in lood look - Electrostatisch;8717266334818
Decoratie plakfolie meubelfolie Aluminium geborsteld 45 cm x 1.5 meter zelfklevend - Decoratiefolie - Plakplastic;3700837143150
spiegel plakfolie 45cmx1,5m zelfklevend - Decoratiefolie - Plakplastic;3700837100283
Decoratie plakfolie meubelfolie Advocadogroen mat 45 cm x 2 meter zelfklevend - Decoratiefolie - Plakplastic;3700837155580
Decoratie plakfolie meubelfolie ribwand 45 cm x 2 meter zelfklevend - Decoratiefolie - Plakplastic - Raamfolie - Decowall latten;3700837165183
Decoratie plakfolie meubelfolie Arco blauw 45 cm x 2 meter zelfklevend - Decoratiefolie - Plakplastic;3700837161345
Decoratie plakfolie Zilver grijs mat 45 cm x 2 meter zelfklevend - Decoratiefolie - Meubelfolie;3700837155221
Decoratie plakfolie meubelfolie Classic Ornament zwart 45 cm x 2 meter zelfklevend - Decoratiefolie - Plakplastic;8718483101085
Ice flowers transparente zelfklevende folie 67.5cmx2mtr;3700837162601
2LIF Decoratie meubelfolie Dunya 45cm x 2 meter zelfklevend - Decoratiefolie - Plakplastic - Plakfolie - raamfolie;8718483140367
2LIF Decoratie meubelfolie Dunya groen 45cm x 2 meter zelfklevend - Decoratiefolie - Plakplastic - Plakfolie - raamfolie;8718483140343
2Lif Decoratie raamfolie Nizza gebloemd glas in lood transparant 45m x 2 meter zelfklevend - Decoratiefolie - Plakplastic - Plakfolie;8718483118243
2LIF Decoratie raamfolie tulips glas in lood transparant 45cm x 2 meter zelfklevend - Decoratiefolie - Plakplastic - Plakfolie - gebloemd - tulpen;8718483117949
Decoratie plakfolie meubelfolie Oriental Blossom zwart 45 cm x 2 meter zelfklevend - Decoratiefolie - Plakplastic;8718483117642
Decoratie plakfolie Squares 67.5 cm x 2 meter zelfklevend - Decoratiefolie - Transparant - anti inkijk - raamfolie;8718483114122
Decoratie plakfolie meubelfolie Retro blauw bloemen Leah 45 cm x 2 meter zelfklevend - Decoratiefolie - Plakplastic - Raamfolie;8718483114900
Plakfolie - Kleeffolie - Kleefplastiek - Plakplastiek - Plakplastic - 45 cm x 200 cm - Wit Hout;8718483112128
Decoratie raamfolie Girona glas in lood transparant 45m x 2 meter zelfklevend - Decoratiefolie - Plakplastic - Plakfolie;8718483102938
Decoratie plakfolie meubelfolie mahonie hout prisma goud goudkrul 45 cm x 2 meter zelfklevend - Decoratiefolie - Plakplastic - Raamfolie;8718483102303
Decoratie plakfolie meubelfolie Boat deck wood 45cm x 2m zelfklevend - Decoratiefolie - Plakplastic - Raamfolie - Bootdek hout;8718483102327
Decoratie plakfolie meubelfolie grijs marmer carrara 45 cm x 2 meter zelfklevend - Decoratiefolie - Plakplastic - Raamfolie;8718483101283
Dennenboom - LED - goud - Mars&More - 28 cm;8716522088700
Decoratie plakfolie blauw met sterren 45 cm x 2 meter zelfklevend - Jongenskamer decoratie - Decoratiefolie - Meubelfolie;8718483134175
1x Kleeffolie velours zwart | 45x100cm | Plakfolie | Kleefplastiek | Plakplastiek | Velvet | Fluweel;8718483100101
Linen&More Gebreide Rudolf windstopper/tochtstopper deur - rood 30x88cm;8717266432132
Linen&More Gebreide Rudolf windstopper beige 30x88cm;8717266432156
Bloempot Gras (15 cm);8716522065770
